baltor.ai	/api/v1/health	200
baltor.ai	/api/v1/capabilities	200
baltor.ai	/	200
baltor.ai	/privacy	200
baltor.ai	/terms	200
baltor.ai	/pricing	200
baltor.ai	/use-cases	200
baltor.ai	/overnight	200
baltor.ai	/efficiency	200
baltor.ai	/learning	200
baltor.ai	/get-started	200
baltor.ai	/waitlist	200
baltor.ai	/setup	200
baltor.ai	/assets/pi/baltor.ts	200
baltor.ai	/assets/client-recipes.json	200
www.baltor.ai	/api/v1/health	200
www.baltor.ai	/api/v1/capabilities	200
www.baltor.ai	/	200
www.baltor.ai	/privacy	200
www.baltor.ai	/terms	200
www.baltor.ai	/pricing	200
www.baltor.ai	/use-cases	200
www.baltor.ai	/overnight	200
www.baltor.ai	/efficiency	200
www.baltor.ai	/learning	200
www.baltor.ai	/get-started	200
www.baltor.ai	/waitlist	200
www.baltor.ai	/setup	200
www.baltor.ai	/assets/pi/baltor.ts	200
www.baltor.ai	/assets/client-recipes.json	200
app.baltor.ai	/api/v1/health	200
app.baltor.ai	/api/v1/capabilities	200
app.baltor.ai	/	200
app.baltor.ai	/privacy	200
app.baltor.ai	/terms	200
app.baltor.ai	/pricing	200
app.baltor.ai	/use-cases	200
app.baltor.ai	/overnight	200
app.baltor.ai	/efficiency	200
app.baltor.ai	/learning	200
app.baltor.ai	/get-started	200
app.baltor.ai	/waitlist	200
app.baltor.ai	/setup	200
app.baltor.ai	/assets/pi/baltor.ts	200
app.baltor.ai	/assets/client-recipes.json	200
baltor-pilot.fly.dev	/api/v1/health	200
baltor-pilot.fly.dev	/api/v1/capabilities	200
baltor-pilot.fly.dev	/	200
baltor-pilot.fly.dev	/privacy	200
baltor-pilot.fly.dev	/terms	200
baltor-pilot.fly.dev	/pricing	200
baltor-pilot.fly.dev	/use-cases	200
baltor-pilot.fly.dev	/overnight	200
baltor-pilot.fly.dev	/efficiency	200
baltor-pilot.fly.dev	/learning	200
baltor-pilot.fly.dev	/get-started	200
baltor-pilot.fly.dev	/waitlist	200
baltor-pilot.fly.dev	/setup	200
baltor-pilot.fly.dev	/assets/pi/baltor.ts	200
baltor-pilot.fly.dev	/assets/client-recipes.json	200
demo.baltor.ai	/api/v1/health	200
demo.baltor.ai	/api/v1/capabilities	200
demo.baltor.ai	/	200
demo.baltor.ai	/privacy	200
demo.baltor.ai	/terms	200
demo.baltor.ai	/pricing	200
demo.baltor.ai	/use-cases	200
demo.baltor.ai	/overnight	200
demo.baltor.ai	/efficiency	200
demo.baltor.ai	/learning	200
demo.baltor.ai	/get-started	200
demo.baltor.ai	/waitlist	200
demo.baltor.ai	/setup	200
demo.baltor.ai	/assets/pi/baltor.ts	200
demo.baltor.ai	/assets/client-recipes.json	200
examples.baltor.ai	/api/v1/health	200
examples.baltor.ai	/api/v1/capabilities	200
examples.baltor.ai	/	200
examples.baltor.ai	/privacy	200
examples.baltor.ai	/terms	200
examples.baltor.ai	/pricing	200
examples.baltor.ai	/use-cases	200
examples.baltor.ai	/overnight	200
examples.baltor.ai	/efficiency	200
examples.baltor.ai	/learning	200
examples.baltor.ai	/get-started	200
examples.baltor.ai	/waitlist	200
examples.baltor.ai	/setup	200
examples.baltor.ai	/assets/pi/baltor.ts	200
examples.baltor.ai	/assets/client-recipes.json	200
docs.baltor.ai	/api/v1/health	200
docs.baltor.ai	/api/v1/capabilities	200
docs.baltor.ai	/	200
docs.baltor.ai	/privacy	200
docs.baltor.ai	/terms	200
docs.baltor.ai	/pricing	200
docs.baltor.ai	/use-cases	200
docs.baltor.ai	/overnight	200
docs.baltor.ai	/efficiency	200
docs.baltor.ai	/learning	200
docs.baltor.ai	/get-started	200
docs.baltor.ai	/waitlist	200
docs.baltor.ai	/setup	200
docs.baltor.ai	/assets/pi/baltor.ts	200
docs.baltor.ai	/assets/client-recipes.json	200
status.baltor.ai	/api/v1/health	200
status.baltor.ai	/api/v1/capabilities	200
status.baltor.ai	/	200
status.baltor.ai	/privacy	200
status.baltor.ai	/terms	200
status.baltor.ai	/pricing	200
status.baltor.ai	/use-cases	200
status.baltor.ai	/overnight	200
status.baltor.ai	/efficiency	200
status.baltor.ai	/learning	200
status.baltor.ai	/get-started	200
status.baltor.ai	/waitlist	200
status.baltor.ai	/setup	200
status.baltor.ai	/assets/pi/baltor.ts	200
status.baltor.ai	/assets/client-recipes.json	200
deck.baltor.ai	/api/v1/health	200
deck.baltor.ai	/api/v1/capabilities	200
deck.baltor.ai	/	200
deck.baltor.ai	/privacy	200
deck.baltor.ai	/terms	200
deck.baltor.ai	/pricing	200
deck.baltor.ai	/use-cases	200
deck.baltor.ai	/overnight	200
deck.baltor.ai	/efficiency	200
deck.baltor.ai	/learning	200
deck.baltor.ai	/get-started	200
deck.baltor.ai	/waitlist	200
deck.baltor.ai	/setup	200
deck.baltor.ai	/assets/pi/baltor.ts	200
deck.baltor.ai	/assets/client-recipes.json	200
